{"schemaVersion":"1.0","appDefinitionTemplate":{"id":"/providers/Microsoft.PowerApps/apps/","type":"Microsoft.PowerApps/apps","tags":{"primaryDeviceWidth":"1919","primaryDeviceHeight":"834","supportsPortrait":"true","supportsLandscape":"true","primaryFormFactor":"Tablet","publisherVersion":"3.22082.8","minimumRequiredApiVersion":"2.2.0","hasComponent":"false","hasUnlockedComponent":"false","isUnifiedRootApp":"false","sienaVersion":"20220827T165246Z-3.22082.8.0"},"properties":{"appVersion":"2022-08-27T16:52:46Z","lifeCycleId":"Published","createdByClientVersion":{"major":3,"minor":22082,"build":8,"revision":0,"majorRevision":0,"minorRevision":0},"minClientVersion":{"major":3,"minor":22082,"build":8,"revision":0,"majorRevision":0,"minorRevision":0},"backgroundColor":"RGBA(0,176,240,1)","backgroundImageUri":"/12780119274497088963/N4914ca89-fe1a-49f2-ae30-f226300e1d72-logoSmallFile","displayName":"Visitor Management","description":"","commitMessage":"","appUris":{"documentUri":{"value":"/12780119274497088963/N3034a028-ba3b-412a-825a-acdd4e1e8e07-document.msapp"},"imageUris":[],"additionalUris":[]},"createdTime":"0001-01-01T00:00:00Z","lastModifiedTime":"0001-01-01T00:00:00Z","sharedGroupsCount":0,"sharedUsersCount":0,"icons":{"smallIconUri":"/12780119274497088963/N7d747004-0b9a-4198-b804-ddcb6e22df10-small.png","mediumIconUri":"/12780119274497088963/N842665a5-c564-4e58-acff-dc946f442cc8-medium.png","largeIconUri":"/12780119274497088963/Nc8880fb4-0d58-44d5-9610-3910570f97f0-large.png","wideIconUri":"/12780119274497088963/N61a3430f-5f3f-484f-a32b-27219f761316-wide.png"},"connectionReferences":{"071c4a8c-1292-4534-b271-c2fe9e7d18ae":{"id":"39a8eeae-f045-4f57-9c90-ee1401511200","displayName":"SharePoint","iconUri":"https://connectoricons-prod.azureedge.net/releases/v1.0.1591/1.0.1591.2961/sharepointonline/icon.png","dataSources":["VistorManagement"],"dependencies":[],"dependents":[],"parameterHints":{},"parameterHintsV2":{},"isOnPremiseConnection":false,"bypassConsent":false,"dataSets":{"https://spwada.sharepoint.com/sites/summer2022":{"dataSources":{"VistorManagement":{"tableName":"4e231353-8ed3-44ca-bd7d-301d44a26b36"}}}},"apiTier":"Standard","isCustomApiConnection":false,"actions":["providers/PowerPlatform.Governance/Operations/Read","providers/PowerPlatform.Governance/Operations/Write"]}},"databaseReferences":{},"almMode":"Environment","performanceOptimizationEnabled":true,"canConsumeAppPass":true,"enableModernRuntimeMode":false,"executionRestrictions":{"isTeamsOnly":false,"dataLossPreventionEvaluationResult":{"status":"Compliant","lastEvaluationDate":"2022-08-25T00:28:20.9697305Z","violations":[],"violationsByPolicy":[],"violationErrorMessage":"The app uses the following connectors: shared_sharepointonline."}}},"appType":"ClassicCanvasApp","appComponents":[]}}